Sherman_Stoltenberg,Gabrielle,Baumbach
Lou.Borer,Holly,Schinner
Declan.OKon,Gia,Jakubowski
Rhiannon,Gaylord,Kub
Caterina_Upton,Joseph,Herman
Raina.Lebsack,Rachelle,Hoeger
Elvis,Triston,Little
Jaren,Leonard,Cassin
Isaac_Dach,Torrey,Considine
Isai.McClure,Cathrine,Rolfson
Loma,Irwin,Wolff
Myrtie_Huels,Aletha,Willms
Nels,Clemmie,Nicolas
Keaton,Alena,Breitenberg
Jamil,Taylor,Schuster
Jermey.Jacobi,Devan,Halvorson
Hadley_Larson,Flavie,Walker
Cedrick.McKenzie,Orie,Weissnat
Kelly,Doris,Gaylord
Gertrude,Elinore,Thompson
Santina,Lisandro,Cassin
Bud,Lenna,Johnston
Vivien.Schiller,Rico,Vandervort
Dallas_Wisoky,Marina,Rice
Aidan,Casimir,Conn
Nikki,Fred,McLaughlin
Marielle.Kassulke,Rogers,Moore
Keon_Kuphal,Lydia,Walker
Delpha.Batz,Avery,McKenzie
Elsa,Vivienne,Toy
Bridie,Domenick,Green
Karson,Nikita,Blanda
Zita,Lemuel,Schneider
Karina.Cruickshank,Carol,Reilly
Ellen,Fredy,Koch
Adam.Christiansen,Isadore,Olson
Richard,Juana,Boehm
Corene_Marvin,Barry,Sauer
Sammy_Jacobson,Sydni,Hahn
Johnny,Gunnar,Stanton
Tevin.Mitchell,Heidi,Hand
Carmine,Marlene,McClure
Haley,Llewellyn,Leannon
Ben,Danielle,Bosco
Gwen_Haley,Elvis,Schneider
Julio,Golden,OKeefe
Alize.Wuckert,Greg,Hessel
Brook,Nellie,Volkman
Agustina.OHara,Matilde,Kozey
Nannie,Brown,Hintz
Jacky.Haag,Jacey,Dicki
Jamar,Jeffry,Stamm
Gunner_McGlynn,Kristin,Durgan
Anika,Carlos,Ritchie
Austin.Kuvalis,Nella,Botsford
Kristofer_McCullough,Mason,Hintz
Matilda,Humberto,Will
Anastasia,Stephania,Weimann
Mitchel_Pacocha,Gay,Dickinson
Izabella,Kara,McDermott
Leon,Sim,Hermiston
Skye,Angus,Bahringer
Erna_Gorczany,Erling,Koelpin
Mohammed_Crooks,Cordell,Douglas
Cristal_Runolfsdottir,Jeffery,Swift
Karen_Casper,Frederik,Erdman
Myrl,Flossie,Kuhic
Rachel,Wendell,Hegmann
Gaylord,Weldon,Lesch
Angeline,Wyatt,Haag
Wiley,Herta,Wolf
Deangelo.Jacobs,Tanya,Mertz
Shea,Korbin,Bins
Breanna,Brock,Gleason
Kathryne,General,Jewess
Earline_Stamm,Christelle,Johnson
Ezequiel,Minerva,Treutel
Alf,Vaughn,Von
Gregorio,Natalie,Abshire
Aileen,Seth,Denesik
Lois,Anabelle,Krajcik
Evelyn.Crooks,Francesca,Maggio
Jorge_Williamson,Gerson,Rowe
Virginie,Jana,Bruen
Mara_Cummerata,Sylvan,Becker
Sage,Karley,Ernser
Raoul_Medhurst,Ed,Hermann
Tracy_Kessler,Raul,Jacobson
Wanda,Zion,Schneider
Cooper,Cruz,Stroman
Deontae_Daugherty,Dawn,Sanford
Markus,Conner,Lesch
Valentin.Ferry,Delores,Ernser
Elisabeth.Dach,Pasquale,Stamm
Robb_Walsh,Evangeline,Weissnat
Nikita,Murphy,Stiedemann
Willow_Lockman,Lucy,Kovacek
Bobby,Lola,Bayer
Pablo_Franecki,Andreanne,Smitham
Clarissa,Destinee,Cummerata
Laury,Marcia,Berge
Adolf_Lind,Alexandrea,Gulgowski
Esperanza,Jaylen,Kshlerin
Althea_Wyman,Maritza,Jast
Kennith_Olson,Clement,Waters
Diana,Franco,Wyman
Brant,Grayce,Hansen
Maxie_Gaylord,Mariana,Reinger
Delfina.Veum,Ole,Simonis
Delaney,Stuart,Corwin
Robert_Ullrich,Waino,Waelchi
Monserrate,Ima,Haag
Aaron,Dashawn,Cruickshank
Justine,Fred,Gleichner
Julio,Lenora,Dicki
Virgie,Kristopher,Jaskolski
Howell,Lila,Rodriguez
Myrl,Freddy,Bednar
Bobbie,Alfred,Ernser
Rosalee,Nichole,Osinski
Ernestina,Melvina,Graham
Christa_Witting,Audreanne,Denesik
Edna,Kelton,Casper
Tiara_Veum,Larue,Fritsch
Kamron_Wiegand,Donnie,Keeling
Warren_Becker,Virgie,Waelchi
Darryl,Jeromy,Grady
Anahi_Jacobson,Amira,Bode
Adell,Arvilla,Zemlak
Lesley,Johnny,Kuhlman
Noah,Zena,Wisoky
Fiona.Nicolas,Maude,Waters
Monique,Marisol,Ruecker
Nikita_Pagac,Tyrell,Dickinson
Donny_Gerlach,Ulises,Pfeffer
Camila.Friesen,Isidro,Bernhard
Clovis,Jed,Bayer
Amaya.Tromp,Tierra,Jewess
Shanel,Marcelino,Dicki
Verda_Thompson,Drew,Torphy
Bertha_Rosenbaum,Nedra,Abernathy
Billie,Cassie,Pacocha
Santos,Eldon,Becker
Shakira,Alexandria,Swaniawski
Ryley_Kemmer,Jerrold,Hickle
Caleigh,Verdie,Halvorson
Eric_Hoppe,Nikita,Boyle
Kayden,Catalina,Hilpert
Rene_Borer,Skyla,Wisozk
Ebony,Andre,Borer
Tyrell_Romaguera,Lori,Stokes
Winifred,Olaf,Mosciski
Rosie,Oma,Schmeler
Carey_Wolf,Moses,Kirlin
Monserrate,Luther,Stoltenberg
Mallory,Marion,Mraz
Neil.Roob,Gideon,Stracke
Dewitt_Leffler,Kieran,Fisher
Eva,Halie,Kub
Modesta.Kemmer,Zack,Balistreri
Otilia_Goodwin,Luther,Mraz
Ebba.Hilll,Favian,Pfeffer
Destini,Mackenzie,Schroeder
Krista,Elmo,Murazik
Aiden.Welch,Louisa,Lubowitz
Dedrick,Ralph,Walker
Jannie,Norwood,Bode
Amy,Eldred,Waters
Tad_Cronin,Wilber,Nolan
Luna,Melissa,Fay
Brenda,Sophie,Spencer
Kaylee_Rowe,Candida,Farrell
Frederic.Hayes,Rhoda,Rosenbaum
Noemy,Thalia,Reichert
Kaleb,Nels,Kub
Tyshawn.Smitham,Giovanny,Wisozk
Elsa,Cleveland,Beer
Junius,Destiny,Ondricka
Kathlyn,Ashleigh,Lemke
Alta.Wiegand,Georgette,Hammes
Jaleel,Millie,Schaefer
Margarete,Pedro,Runolfsson
Rhiannon.Torp,Minerva,Abbott
Hanna.Purdy,Marietta,Kuphal
Wilhelmine.Hintz,Melyssa,Hermann
Malachi.Brekke,Corene,Leannon
Mabel.Will,Myriam,Okuneva
Ebba.Murazik,Jalon,Rempel
Jarrod.Metz,Ethelyn,Heidenreich
Breanna,Cooper,Hayes
Golden_Moore,Jonatan,Jast
Liam.Bergnaum,Aron,Aufderhar
Ansel_Feil,Berniece,Nicolas
Kallie.Boyer,Serenity,Bahringer
Rebekah,Annette,Wyman
Amira,Melisa,Gerhold
Loraine,Bernhard,Boehm
Kassandra,Greyson,Ortiz
Earnest_Roberts,Berry,Raynor
Dusty.Kemmer,Allie,Schamberger
Lavinia,Laron,Fadel
Braxton.Marvin,Lyla,Koss
Lelah_Smitham,Lavon,Oberbrunner
Kylie,Aaliyah,Kessler
Jean,Selmer,Blanda
Antone,Clovis,Altenwerth
Lenora,Greg,Schinner
Vilma,Nella,Crist
Asa,Johnnie,Waters
Deven_Von,Earline,Gorczany
Florian_Dooley,Ida,Pacocha
Kraig_Treutel,Travon,Swift
Elsa,Claudie,Franecki
Kiel_Heller,Calista,Johns
Jesse,Ransom,Smith
Claudia,Isom,Welch
Adrienne_Cartwright,Conor,Kuvalis
Gordon_Mante,Ethel,Borer
Frederic,Madeline,Ullrich
Brook_Abbott,Justice,Jaskolski
Jackson.Cassin,Mafalda,Schulist
Abdullah.Stamm,Santino,Kling
Sylvia,Lamont,Fahey
Frances_Jewess,Jamarcus,Lowe
Jamar_Mohr,Reynold,Runte
Amiya,Dora,Zboncak
Pamela,Christop,McCullough
Pauline,Layla,Toy
Ansel,Joy,Lubowitz
Eriberto,Joaquin,Donnelly
Dixie,Deangelo,Braun
Kristofer.Mayer,Verdie,Wolf
Maritza_Jerde,Antone,Lang
Kyleigh.Heathcote,Trevor,Von
Jazmyne_Bashirian,Felipe,Heaney
Jennifer_Jast,Lea,Jacobi
Mariana,Xander,Baumbach
Jamarcus,Rodrick,Schamberger
Pietro.Lesch,Alexane,Armstrong
Branson.Bahringer,Mack,Reilly
Yessenia,Christina,Stoltenberg
Heather.Wiegand,Morris,Conn
Hugh,Daryl,Olson
Dell,Audrey,Wilderman
Lue,Vincenzo,Gusikowski
Halie.Koch,Bertram,Stanton
Lysanne,Joesph,Ortiz
Maud_Gerhold,Scottie,Grady
Reyes_Konopelski,Sierra,Oberbrunner
Dawn,Tess,Schamberger
Francis.Mraz,Janiya,Wintheiser
Wilmer,Mekhi,Deckow
Haylie,Peyton,Lakin
Carmelo,Dean,Braun
Queen_Graham,Mossie,Halvorson
Electa.Bashirian,Toni,Ankunding
Dereck,Trisha,Ankunding
Margaret_Rowe,Yasmine,Pfeffer
Brennon,Marge,DuBuque
Marcellus,Karine,Labadie
Andrew,Zander,Armstrong
Stephen_Larkin,Avis,Bauch
Dario,Jerrold,Hermiston
Alex_Kunze,Wava,Christiansen
Korey_Terry,Francesca,Predovic
Leo,Cornelius,Kertzmann
Adonis,Trace,McClure
Katrina,Hilario,Osinski
Arlo,Isai,Welch
Lysanne,Alba,Hilll
Bernard,Israel,Weimann
Amelie_Haag,Cornell,Rohan
Gregoria.Koelpin,Pierre,Hermann
Angelo,Felix,Kshlerin
Eileen.Daugherty,Willow,Herman
Brooklyn,Genevieve,Jaskolski
Vito,Modesto,DAmore
Trinity,Jovany,Weissnat
Blanche_Klocko,Celine,Luettgen
Jamie,Blanca,Flatley
Lloyd_Zieme,Keanu,Fisher
Jamarcus,Gilberto,Bechtelar
Orrin.Stokes,Alysa,Jast
Angelo_Littel,Makayla,Stamm
Jakob.Cummings,Rickie,Stoltenberg
Koby_Wehner,Seth,Botsford
Jerrod.Thiel,Gladyce,Harªann
Alycia,Liam,Harber
Cleora.Paucek,Nestor,Hilpert
Chance.Kirlin,Blanche,Dicki
Zack,Ari,Cassin
Mandy,Marguerite,Parisian
Bo,Ismael,Prosacco
Dariana.Blanda,Carson,Macejkovic
Riley.Anderson,Carolanne,Schumm
Angie,Kamryn,Bosco
Rudolph_Cartwright,Braxton,Zulauf
Icie.Okuneva,Janie,Kassulke
Reuben.Cummerata,Jaquan,Jacobson
Pietro,Herta,Lockman
Mandy,Eulah,Grant
Bulah,Moriah,Reynolds
Alejandra.Tromp,Hazel,Gaylord
Clare.Harªann,Janiya,Boyer
Gudrun,Leta,Hamill
Lexi.Wisozk,Saul,Armstrong
Effie.Hauck,Guillermo,McClure
Anderson.Williamson,Daron,Macejkovic
Gabriella_Frami,Juliana,Wilderman
Camryn.Hegmann,Alexzander,Larkin
Luis.McCullough,Porter,Stroman
Jaden,Linwood,Cummerata
Oren_Dietrich,Stanley,Keeling
Erwin.Leannon,Cora,Hand
Loren.Kub,Sterling,Morar
Jarrett_Brekke,Cyrus,Hintz
Edgar,Anibal,Boehm
Alfred,Mona,Romaguera
Francis,Kyra,Eichmann
Justina,Margarete,Welch
Fleta,Mathias,Welch
Rosalia,Maxime,Purdy
Brandi.Cormier,Marshall,Sporer
Leta.Beer,Valentin,Jones
Travon,Drake,McGlynn
Dorthy_Rowe,Laverne,Beer
Ryan.Kessler,Lelah,Waters
Alyson,Giovanny,McDermott
Camron_Veum,Baron,Huels
Lloyd_OKon,Durward,Brakus
Payton,Maiya,Goldner
Otho.Durgan,Leon,McKenzie
Isaiah,Cletus,Walsh
Dudley,Annette,Tromp
Lina,Lempi,Grant
Ada,Alexanne,Cummerata
Dejon,Jerod,Schoen
Santino,Nicolas,Jewess
Schuyler,Alysha,Beer
Deven_Reichert,Alden,Bogisich
Darren.Ward,Brenda,Ernser
Robin,Mathew,Ondricka
Golden.Grimes,Kendall,Shanahan
Bill,Vilma,Howe
Alta_Lesch,Ramon,Treutel
Jules_Glover,Sonia,Stehr
Hester,Abigail,Conroy
Vivian_Mitchell,Rosina,Miller
Zoey,Dustin,Yost
Rachael.Bins,Abigayle,Hagenes
Maryse_Grimes,Rickey,Metz
Tabitha_Barton,Claude,Koch
Lorena_Zboncak,Jared,Kautzer
Alba_Fritsch,Loma,Abshire
Maribel_Cronin,Daphne,Williamson
Garret,Bernardo,Koepp
Cesar.Trantow,Toy,Witting
Rhea.Larson,Norwood,Rogahn
Rubye,Elian,Miller
Eda.Rolfson,Nora,Harªann
Alanis,Eloy,Quitzon
Tatum,Jazmin,Kuhic
Crawford_Mayer,Ashley,Wilkinson
Kaci,Johnnie,Parisian
Hubert_Emard,Lavada,Kerluke
Jeramy,Muhammad,Senger
Jacques_Spencer,Alexanne,Goyette
Enola,Breana,Ortiz
Taryn.Crist,Alexys,Bechtelar
Wava,Jeromy,Waters
Joanie,Abigail,Luettgen
Marcus.Pagac,Easton,Gaylord
Ari,Berneice,Heller
Charlie,Josiah,Gerlach
Virgie,Baylee,Cormier
May.Blanda,Leon,Howell
Margaret,Carmine,Sauer
Alice,Garrick,Considine
Uriah,Teagan,Hamill
Jovan,Damien,Doyle
Maybell,Daisy,Smith
Murl,Abigale,Barton
Esteban,Murray,Mertz
Josie,Ronaldo,Walsh
Georgiana,Elwin,Toy
Marisol,Kristy,Collins
Howell_Dare,Lucinda,Bruen
Burdette.Murray,Jany,Emard
Darron.Adams,Retha,Mueller
Jake_Gusikowski,Alaina,Johns
Newell,Francesca,Erdman
Khalil_White,Janae,Klein
Candelario.Jenkins,Nicholaus,Pagac
Ryley.Hirthe,Imelda,Emard
Rachel.Waelchi,Jeanne,Stehr
Antone.Jerde,Mylene,Keeling
Winona_Fahey,Giuseppe,Huel
Ryann,Phoebe,Greenholt
Erwin.Volkman,Presley,Labadie
Magali.Mitchell,Leon,Waters
Alexis,Kaley,Effertz
Emely,Fausto,Watsica
Harmony_Dare,Estefania,Jast
Sally,Wendell,Olson
Rahul.Veum,Jayce,Emard
Lucas.Jacobson,Ron,Collier
Asia,Emily,Larson
Hunter,Mireille,Torp
Melisa.Harªann,Mattie,Koelpin
Ladarius,Ellsworth,Labadie
Zachary,Cora,Kutch
Garnett.Gusikowski,Edgardo,Hauck
Emmy,Nicolette,Hammes
Otis.Schuster,Noah,Howell
Dewayne.Lesch,Cyril,Kulas
Daniela,Emiliano,Zemlak
Birdie.Ullrich,Irving,Nikolaus
Jessie,Jaren,Kassulke
Zachariah,Korbin,Jacobi
Marlon,Herta,Stamm
Judah,Asia,Roob
Elbert_Satterfield,Claudia,Lebsack
Andre,Kayden,Gibson
Aron_Schaden,Camylle,Guªann
Iliana,Rashad,Moen
Tomas_Jacobi,Austen,Legros
Brandy,Kayla,Jewess
Trycia.Ryan,Andrew,DuBuque
Herminia,Felicia,Schmeler
Burdette.Daniel,Herbert,Bosco
Royal,Samara,Hermiston
Cecil,Ulises,Douglas
Tracy_Jacobs,Rashad,Rosenbaum
Alene_Bergstrom,Brandy,Kling
Jackie,Nedra,McLaughlin
Craig,Elinor,Kub
Josiane,Kira,Kohler
Toby,Ruthe,Bosco
Estella,Cora,Zemlak
Johathan,Cesar,Quigley
Shaniya,Guadalupe,Lynch
Maye_Wyman,Constance,Jakubowski
Vesta.Schaefer,Damon,Braun
Landen,Solon,Schowalter
Alia,Mariela,Gorczany
Faustino,Kirk,Ankunding
Dee.Kuhn,Everette,Swift
Ezekiel,Celine,Ritchie
Mack.Ruecker,Webster,Beatty
Dudley,Madie,Schiller
Alexandra,William,McCullough
Roosevelt,Donnell,Kris
Alanna,Newton,Heidenreich
Samara,Penelope,Jewess
Conner_OHara,Dillan,Littel
Meredith,George,Abshire
Kory.Bernier,Adriana,Hane
Dessie,Claudine,Legros
Jesse_Lang,Jessika,Veum
Yasmin.Ondricka,Archibald,Swaniawski
Otis,Avery,Haag
Aditya.Barton,Lester,Daugherty
Brenden.Kirlin,Weston,Schneider
Kim,Emie,Hand
Ethan_Eichmann,Trudie,Fay
Odell.Okuneva,Cyril,Koch
Albertha,Lilyan,Schowalter
Grady_Leannon,Consuelo,Braun
Lempi,Ludie,Cruickshank
Elena.DAmore,Robert,Gusikowski
Herminia_Stoltenberg,Myron,Cole
Carrie,Audie,Collier
Stella.Bartoletti,Reid,Larson
Rico_Kassulke,Doyle,Schuppe
Marlen,Kyle,Konopelski
Alexandrine_Miller,Catalina,Crist
Granville_McClure,Omer,OReilly
Octavia,Tierra,Grady
Candice,Alessia,Douglas
Maribel.Hyatt,Yasmin,Treutel
Anastasia_Dare,Nikolas,Koch
Henriette_Bednar,Delbert,Schamberger
Wayne,Jocelyn,Stokes
Sheridan.Bauch,Teagan,Huel
Rex,Ana,Wehner
Lucy,Sarina,Hagenes
Brown,Roselyn,Paucek
Juston,Gerda,Schoen
Humberto_Schowalter,Evans,Johns
Luz.Blanda,Tabitha,Keebler
Timmothy.Reynolds,Mathew,Koss
Santino.Bruen,Kelley,Hoppe
Kirk.Hills,Lavon,Ryan
Dejon,George,Lockman
Darrick,Annetta,Flatley
Abbey.Hayes,Norma,Corwin
Giovani,Ethel,Kemmer
Gaston,Marguerite,Wiza
Robyn,Lina,Macejkovic
Avis,Solon,Tillman
Catalina.Hamill,Elza,Nikolaus
Paolo,Gabrielle,Jewess
Arvilla_Jenkins,Burdette,Braun
Antonio,Mossie,OConner
Coy_Wisoky,Nicolas,Eichmann
Nathaniel,Amina,Monahan
Deangelo,Ralph,Shanahan
Charlotte.Leannon,Godfrey,Zemlak
Adriel.Volkman,Maybell,Farrell
Reagan.Streich,Annamae,Auer
Fred,Skye,Adams
Gail_Grant,Jeff,OKeefe
Baron.Keebler,Nikita,Fahey
Gertrude,Demarcus,Koelpin
Napoleon,Justine,Hane
Damon,Celestine,Ruecker
Frank_Lesch,Cynthia,Fahey
Ethel.Braun,Ethel,DAmore
Nayeli,Flossie,Torp
Guy,Landen,Blick
Orlando_Sauer,Zakary,Tromp
Lexus.Hyatt,Millie,Gottlieb
Omari_Carroll,Candace,Shields
Kieran_Kuphal,Madisen,Dicki
Violette,Elvie,Bruen
Cortney,Dewitt,Sauer
Nina,Vergie,Raynor
Reilly.Denesik,Braulio,Ebert
Enos.Thompson,Sammy,Kuhic
Barry,Adriel,Wolff
Dusty,Lincoln,Wyman
Dallas_Conroy,Mireille,Christiansen
Rubie,Chaz,Gutkowski
Linwood,Marlee,Boyle
Tre.Konopelski,Milan,Hills
Christ,Ervin,Hermiston
Robb.Hoeger,Ashleigh,Konopelski
Abe.Botsford,Glenda,Parker
Nakia,Kip,Muller
Quinten_Legros,Bell,Heller
Mervin,Aniyah,Gleason
Collin_OKeefe,Haleigh,Schultz
Muriel,Evie,Nader
Maeve,Deondre,Reinger
Felix,Mason,Gerlach
Kelli,Armand,Collier
Devin.OKon,Roscoe,Pfannerstill
Marlin.Schmeler,Kaitlyn,Harris
Roderick.Murphy,Braxton,Bosco
Haley.Oberbrunner,Talia,Miller
June_Skiles,Mireya,Berge
Jameson,Raul,Jast
Gracie.Legros,Randy,DAmore
Alyce,Art,Hoeger
Elva,Jules,Kuphal
Gunnar.Crooks,Mozell,Borer
Romaine_Wunsch,Adolph,Will
Pierce,Glen,Langosh
Darron.Dickinson,Mylene,Hand
Judge_Schiller,Zoe,Gusikowski
Kayley,Jerad,Ruecker
Aylin_Schulist,Demond,Carter
Evelyn.Champlin,Damon,Gleason
Kavon,Gail,Hagenes
Dorothea,Beaulah,Corkery
Germaine_Kutch,Mireya,Leffler
Marcus.Haley,Sadie,Hilll
Carol,Eleonore,Reinger
Yvette,Colten,Mertz
Elenor,Vergie,Gibson
Owen,Mabel,Bergstrom
Vivienne_Keebler,Pansy,Auer
Wava_Harris,Darion,Harber
Roxanne,Domenic,Gleichner
Jena.Lehner,Ruby,Kautzer
Orion_Littel,Janiya,Shields
Nona_Gottlieb,Bryon,Bode
Luna,Valerie,Bauch
Lou_Howell,Scarlett,Marquardt
Cali_Zulauf,Edmond,Bartoletti
Kris,Eleonore,Rempel
Jovan,Michele,Fritsch
Katheryn.Von,Eric,Fisher
Rosalind_Bradtke,Junius,Kihn
Chauncey,Elton,Watsica
Sierra.Howell,Louvenia,Orn
Ashleigh_Dach,Adriel,Raynor
Clemens,Jovanny,Thiel
Moriah.Considine,Nayeli,Brakus
Arielle,Hilario,Hirthe
Donna.Mann,Lucas,Doyle
Eugene,Favian,Feil
Makenzie_Lakin,Linnie,Crooks
Mose_Schmidt,Brionna,Jones
Kellie,Elva,Dickinson
Rubie.Connelly,Timmy,Mayer
Pamela,Jerome,Runolfsdottir
Kaia_Orn,Jaqueline,Schroeder
Leonie,Leila,Steuber
Marcella,Letha,Mayer
Paolo_Hintz,Raegan,Gottlieb
Dameon,Joan,Heathcote
Janice.Brakus,Edison,DuBuque
Sandrine_Hyatt,Katherine,Ritchie
Domenic,Nakia,Goyette
Orion,Mara,Schamberger
Dahlia.Jenkins,Roslyn,Balistreri
Braulio,Raheem,Shanahan
Keyon_Zieme,Dolores,Reynolds
Cleveland,Lamar,Rath
Willow_Stamm,Waino,Lang
Kiana.Schmidt,Kevon,McLaughlin
Blanche,Alberta,Ebert
Rex.Shanahan,Wilhelmine,Little
Lonzo.Block,Eric,Gleichner
Lyric,Haylie,Mohr
Cooper.Maggio,Alek,Hilll
Kailyn.OReilly,Carlee,Ryan
Ella_Toy,Mitchell,Lesch
Ben_Oberbrunner,Florence,Reilly
Alice_Hettinger,Velma,Wehner
Chet,Laurel,Friesen
Kaelyn.Parisian,Kristoffer,Kovacek
Maybelle,Eldridge,Stehr
Gaylord,Hadley,Buckridge
Myra,Zul,Funk
Willy,Roselyn,Heaney
Earnestine,Kristofer,Marquardt
Adrain.Heathcote,Damon,Gerlach
Erick.Sawayn,Guadalupe,Gutkowski
Brady,Gillian,Pfannerstill
Maci,Alena,Wisoky
Adella,Elissa,Stokes
Elsa,Nathen,Daugherty
Earline,Rowland,Waelchi
Dominique_Nienow,Newell,Kutch
Mason,Jamal,VonRueden
Kayla,Osbaldo,Thiel
Buck.Bernier,Geovanny,Bednar
Greta.Friesen,Ludwig,Yost
Wade,Helene,Beer
Ted,Harmony,Olson
Sheridan,Elouise,Waters
Peter,Isai,McGlynn
Rosalia.Murazik,Lorenz,Hilpert
Breana,Kaylie,Batz
Wendy,Elian,Grant
Tad,Alexandro,Bode
Kaycee.Lemke,Anahi,Wuckert
Napoleon,Jenifer,Schmeler
Sophia_Kirlin,Thurman,Bergnaum
Quinn,Lisa,Batz
Kane_Jacobs,Mathilde,Powlowski
Antonetta_Treutel,Marilyne,Guªann
Velda,Enos,Quigley
Laverne.Christiansen,Darrell,Brekke
Ruben,Emma,Von
Maci.Mante,Caitlyn,Collins
Cassidy_Rippin,Jett,Schiller
Chanelle_DuBuque,Lavina,Witting
Ewell_Klein,Ernest,Glover
Chandler,Bernie,Sauer
Nora,Bryon,Kulas
Benton,Mavis,Kiehn
Oliver.Gottlieb,Evert,Wiegand
Gracie,Mireille,Olson
Angeline.Fritsch,Waylon,Bartoletti
Antonette.Bogan,Osvaldo,Krajcik
Annabel,Linda,Glover
Everett,Yesenia,Kilback
Thurman,Jacey,Cremin
Paige.Davis,Herminia,Dibbert
Clyde,Frances,Waters
Christelle,Vladimir,Gleichner
Lessie_Auer,Isadore,Heller
Alexander,Roderick,Kunde
Keagan,Marcel,White
Caleb,Clarabelle,Hodkiewicz
Elda,Thora,Kessler
Osbaldo.Volkman,Jordan,Fadel
Evangeline_Mertz,Salvador,Sanford
Nichole_Zieme,Katrina,Barrows
Salvatore_Durgan,Bailee,Bednar
Jonathan_Sawayn,Fernando,Beer
Rasheed,Bennie,Wolf
Garrick,Frederik,Windler
Dorris_Luettgen,Jessica,Cormier
Dangelo,Sabrina,Blanda
Erika,Maurice,Davis
Buford.Goldner,Melba,Schroeder
Caden_Conroy,Coleman,Pfeffer
Doris,Emiliano,Parisian
Moises.Leuschke,Dee,Strosin
Murl_Wintheiser,Cleve,Hoppe
Kattie.Gislason,Deven,Hoppe
Kieran,Dewayne,Dicki
Jonatan.Parker,Easter,Erdman
Maynard,Aiyana,Dietrich
Erna_Harvey,Lucy,Wilderman
Kip_Purdy,Shania,Harris
Garnett,Braeden,Schoen
Lia,Roxane,Harris
Terry.Kautzer,Mohammad,Anderson
Natasha_Pfeffer,Shyanne,Swift
Fern,Orval,Crooks
Arnaldo,Tyree,Ritchie
Sandra,Flavie,Collins
Hadley,Demarcus,Graham
Brice.Gerlach,Cameron,Feil
Parker.Schneider,Russel,Lind
Dallas_Kuhic,Ruben,OKon
Noe_Hirthe,Nestor,Guªann
Vernon.Huel,Ezra,Mitchell
Brando.Eichmann,Alexane,Mayert
Augusta_Beier,Arely,Schmeler
Junius.Johns,Darryl,OReilly
Hiram_Leannon,Oda,Howe
Mossie,Daphney,Beier
Lora,Xander,Reynolds
Sedrick,Deborah,Okuneva
Rashad.Schimmel,Daphney,Jakubowski
Alexandre,Vella,Shanahan
Miles,Keanu,Reichel
Lempi,Helen,Hessel
Dawson,Haylee,Berge
Ethan,Otilia,Toy
Ezra_Lehner,Buck,Feil
Verla_Hilpert,Patricia,Rempel
Kathlyn,Sabina,Nicolas
Laron_Jerde,Ocie,Wiza
Chet.Labadie,Cristina,Ernser
Anissa.Christiansen,Mallie,Labadie
Christop.Herzog,Elinor,Steuber
Francesca,Alfred,Parker
Hoyt.Wiegand,Miracle,Ondricka
Brendan.Prohaska,Peter,Lowe
Charley,Beryl,Keebler
Ocie.Purdy,Nelda,Kertzmann
Elwyn.Reichert,Darren,Greenfelder
Vern,Elta,Lebsack
Madisen.Gulgowski,Deron,Kunze
Beth,Adrianna,Nicolas
Lelia_Toy,Nathen,Mosciski
Sidney,Melisa,Smitham
Lilly,Royal,Kuvalis
Alex.Grady,Madaline,Nolan
Zoila.Koepp,Sallie,Anderson
Alia.Metz,Quentin,Leffler
Ivory.Hickle,Sam,Lind
Kristina,Clair,Reichert
Jayden,Shaun,Krajcik
Larry.Moen,Price,Heaney
Elliot.Shields,Miller,Jast
Elmore.Harris,Kraig,Brekke
Matilde_Reynolds,Krystel,Funk
Declan,Jessica,Klein
Beverly,Adela,Hermann
Heather,Frederik,Koepp
Wanda,Veda,Gibson
Kacie_Blick,Gordon,Haag
Fletcher,Dean,Hand
Aditya.Keebler,Reyes,Rosenbaum
Moriah.OKon,Andrew,Erdman
Breana_Rempel,Therese,Botsford
Tressie,Davonte,Grimes
Emmalee.Fritsch,Royal,Williamson
Brady,Vladimir,Bauch
Otilia,Kayleigh,Abbott
Lucious_Mohr,Jules,Botsford
Everett_Boyle,Louie,Robel
Nina.Pouros,Dennis,Ward
Brooke,Pedro,Howell
Orion,Duncan,Cummerata
Steve,Gavin,Moore
Randall_Koss,Warren,Jenkins
Allen,Greyson,Rowe
Isabell.Kihn,Cole,VonRueden
Obie,Hoyt,Koss
Janae,Amina,Brown
Melany_Miller,Conner,Jewess
Janessa,Hank,Halvorson
Sarah,Aurore,Medhurst
Burley.Harris,Edwina,Farrell
Robert,Akeem,Koelpin
Lowell.Collier,Justice,Feeney
Jocelyn.Lakin,Eriberto,DuBuque
Keagan,Verla,Rogahn
Carroll_Kovacek,Damien,Johnson
Magnus_Schamberger,Vince,Senger
Janae,Winona,Medhurst
Wilma,Javonte,McLaughlin
Anabelle.Denesik,Joannie,Dooley
Raoul,Weldon,Cormier
Winifred_Howe,Morris,Moen
Okey,Xavier,Bogisich
Lukas_Abshire,Cleta,Marks
Amani_Wiegand,Lemuel,Kulas
Ward.Zulauf,Florine,Kassulke
Eldred,Meggie,Eichmann
Jamey.Doyle,Eudora,Rippin
Bobbie.Robel,Roberto,Emard
Rafaela,Ali,Crooks
Clair.Von,Stacy,Stiedemann
Kristoffer,Gene,Jakubowski
Rhea_Rippin,Edwina,Sawayn
Velma_Rempel,Elroy,Walsh
Shaun,Eulalia,Zboncak
Jerry_Braun,Jessyca,Turner
Bobbie,Mariana,Marvin
Tevin,Jaeden,Rempel
Merlin_Grady,Garland,Torphy
Cornelius,Cristal,McLaughlin
Kellie,Coty,Effertz
Rozella.Zulauf,Lavina,Willms
Iva,Zackery,Huels
Leanne.Dare,Isaias,Willms
Serena.Tromp,Christophe,Hermann
Clark,Sterling,Hilll
Modesto.Steuber,Kaleb,Lockman
Frieda_Berge,Jalon,Dare
Deion_Schamberger,Griffin,Brakus
Ardith,Abbie,Deckow
Madelynn_VonRueden,Maryam,Hessel
Daron.VonRueden,Winnifred,Jacobson
Ike,Greta,Ward
Greta,Lucious,Kiehn
Scarlett,Barbara,Deckow
Emil,Aliyah,Carroll
Jermain_Feil,Chase,Grimes
Andrew,Lucinda,Marks
Dusty.Sipes,Malinda,Larson
Xzavier,Rhoda,Kautzer
Kelley,Lorenz,Harvey
Dahlia,Nyasia,Rempel
Salvador.Schowalter,Kyla,Lehner
Abdullah.Brekke,Laisha,Howell
Carter,Cassandra,Okuneva
Trevor,Asia,Moore
John,Lucile,Kihn
Brennon.Witting,Dangelo,Grant
Adan,Titus,Barrows
Katelyn.Funk,Javier,Senger
Giuseppe_Schamberger,Queenie,Brakus
Odessa,Annalise,Bogisich
Jasper,Okey,Botsford
Alana.Steuber,Jamir,Haley
Lenna,Jace,Price
Rupert,Camryn,Hilpert
Emory,Deven,Moore
Susanna.Predovic,Mazie,Schroeder
Lupe,Diamond,Toy
Holly_Bergstrom,Lavinia,Wilderman
Sabrina.Schinner,Lorenza,Thompson
Roosevelt_Von,Beatrice,Adams
Ismael,Dereck,Langosh
Tatyana_Cummings,Krystel,Johnston
Bethel,Lysanne,Toy
Savion_Wehner,Hazel,Wehner
Yessenia_Prosacco,Samson,Davis
Estevan,Celine,Pfannerstill
Zoila,Freeman,Walker
Palma_Rowe,Kamron,Kunze
Greg,Toby,Paucek
Henderson.Johnson,Norwood,Huel
Isaiah,Eileen,Gorczany
Rudy.Anderson,Vida,Oberbrunner
Ed.Casper,Elton,Wyman
Bernice.Ziemann,Hilario,Vandervort
Aaliyah_Mayert,Earline,Aufderhar
Alysson,Nikita,Feeney
Elyssa,Floy,Miller
Orie_Schaden,Tyrell,Howe
Alisa,Mose,Ferry
Reagan,Grover,Wintheiser
Hank,Elfrieda,Runolfsson
Prince_Schroeder,Giles,Gutkowski
Flavio_Romaguera,Rebecca,Funk
Elta.Herman,Theresa,Ritchie
Shaun,Lamont,Sporer
Magali,Muriel,Kilback
Pattie_Predovic,Randall,Labadie
Emmanuel_Rogahn,Taya,Runolfsdottir
Kelton,Osbaldo,Schultz
Mariane.Hyatt,Myrna,Torphy
Micaela,Ezra,Terry
Burdette.Conn,Katrine,Friesen
Billy_Prosacco,Angelina,Steuber
Sister,Brice,Schroeder
Pinkie.Gleichner,Anahi,Koelpin
Deangelo,Germaine,Simonis
Lisa,Gerry,Kerluke
Stanford,Dante,Reynolds
Nannie_Doyle,Roselyn,Jakubowski
Spencer.Keebler,Eric,Zboncak
Howell,Cory,Orn
Trevor,London,Dibbert
Arlo,Violette,Kilback
Henri_Bartell,Justine,Klein
Paris_Littel,Toni,Rath
Margot,Maymie,Graham
Lizzie,Marian,Wolf
Tania_Yundt,Lilliana,Beatty
Emely,Zachery,Heidenreich
Shyanne,Donna,Bode
Glenda,Ericka,Feil
Percival_Williamson,Kaylah,Hammes
Frank,Johathan,Schumm
Mike_McLaughlin,Pascale,Borer
Carolyn,Maximo,Torphy
Kristina,Cheyenne,Padberg
Alexis.Kunze,Gabriella,Crist
Precious.Wisozk,Hilbert,Collier
Ara,Jerrod,Marquardt
Rashad_Little,Hester,Mann
Corene.Beahan,Merlin,Hackett
Reese,Shanelle,Fay
Lenna_Weissnat,Selina,Denesik
Maiya.Parker,Myrtie,OConnell
Marisa,Dora,Murazik
Kevon,Sasha,Kiehn
Onie_Rice,Carolyn,Runolfsson
Luciano,Andy,Heller
Emmett.Schulist,Savannah,Wuckert
Gwen.Bosco,Letha,Aufderhar
Kamryn,Jamel,Lakin
Alysson_Schaefer,Jon,Wuckert
Elissa,Emilie,Hagenes
Providenci,Johathan,Cremin
Eleanore_Hyatt,Geovanni,Orn
Wilber,Austin,Moore
Burnice_Dach,Rosendo,Johnston
Adriel,Americo,Runolfsdottir
Xander,Virginia,Weimann
Jacinto,Gennaro,Cummings
Norma,Arthur,Howe
Ahmad,Stewart,Torphy
Isom_Denesik,Grayson,Quigley
Mariela,Maeve,Goodwin
Holly_Hyatt,Alize,Greenfelder
Hassan,Lemuel,Auer
Stevie,Wilbert,Kautzer
Jimmie,Florine,Jacobson
Moses,Winfield,Boehm
Maynard_Nitzsche,Kevon,Douglas
Joelle_Walker,Rosalind,Dibbert
Vincenzo,Antonina,DAmore
Macie,Kristofer,Spencer
Magdalen,Delilah,Donnelly
Candace,Lucinda,Shanahan
Dakota,Margarete,Roberts
Heber,Tyrel,Donnelly
Ralph,Lambert,Bergnaum
Mustafa,Maia,Yundt
Newton,Autumn,Block
Mallory,Asia,Schultz
Roger_Wiegand,Lottie,Cremin
Alena,Arjun,Adams
Mireya.Hudson,Vito,Klein
Wiley.Kunde,Jerome,Morissette
Shyann_Dickinson,Cullen,Littel
Audrey,Adelle,Blick
Rasheed,Christine,Daugherty
Mara,Dameon,Cronin
Jaime_Block,Kennith,Jakubowski
Kurt_Sanford,Ahmed,Kuhic
Bernhard,Edgar,Sanford
Pablo,Emmalee,Prosacco
Gaetano.Quitzon,Mauricio,Gaylord
Keegan,Garnet,Rolfson
Margaret,Freida,Kuvalis
Verlie,Kirstin,Harvey
Ola,Marco,Daugherty
Shana,Raoul,Barrows
Claudine_Kihn,Jalen,Strosin
Troy_Mohr,Christy,Wyman
Franco_Rempel,Giovanny,Ryan
Gaetano,Ryann,Fadel
Tracey_Feest,Rashawn,Blick
Justyn,Leopold,Bode
Quentin,Madisen,Ward
Ocie.Kovacek,Soledad,Schneider
Abdiel,Geovanni,Deckow
Malcolm_Schinner,Louvenia,Keeling
Anthony,Camren,Beatty
Garth.McGlynn,Karli,Lynch
Alford.Medhurst,Marty,Nienow
Katrine,Eloise,Bartell
Keeley_Grady,Reva,Keebler
Chandler,Chanel,Orn
Aniyah_Kulas,Easton,Koepp
Mauricio_Hudson,Violette,Hilpert
Skylar.Medhurst,Hank,Parisian
Russel_Lakin,Hayden,Kulas
Dagmar,Gregorio,Lehner
Jazmin.Turner,Terrence,Armstrong
Juliet,Gracie,Jacobson
Donald.Runolfsdottir,Fabian,Cartwright
Alva,Jerrold,Schultz
Michaela,Jamar,Kirlin
Arielle,Orlo,DAmore
